recall,precision
1.0,0.5
1.0,0.5002536783358701
1.0,0.500507614213198
1.0,0.5007618080243779
1.0,0.5010162601626016
1.0,0.5012709710218607
1.0,0.5015259409969481
1.0,0.5017811704834606
1.0,0.5020366598778004
1.0,0.5022924095771778
1.0,0.5025484199796126
1.0,0.5028046914839368
1.0,0.503061224489796
1.0,0.5033180193976519
1.0,0.5035750766087844
1.0,0.5038323965252938
1.0,0.5040899795501023
1.0,0.5043478260869565
1.0,0.5046059365404298
1.0,0.5048643113159242
1.0,0.5051229508196722
1.0,0.5053818554587391
1.0,0.5056410256410256
1.0,0.5059004617752694
1.0,0.5061601642710473
1.0,0.5064201335387776
1.0,0.5066803699897225
1.0,0.5069408740359898
1.0,0.507201646090535
1.0,0.5074626865671642
1.0,0.5077239958805355
1.0,0.5079855744461618
1.0,0.5082474226804123
1.0,0.5085095410005157
1.0,0.5087719298245614
1.0,0.5090345895715023
1.0,0.5092975206611571
1.0,0.5095607235142119
1.0,0.5098241985522234
1.0,0.5100879461976203
1.0,0.510351966873706
1.0,0.5106162610046608
1.0,0.510880829015544
1.0,0.5111456713322965
1.0,0.5114107883817427
1.0,0.5116761805915931
0.9989858012170385,0.5114226375908619
0.9989858012170385,0.5116883116883116
0.9989858012170385,0.511954261954262
0.9989858012170385,0.5122204888195527
0.9989858012170385,0.5124869927159209
0.9989858012170385,0.5127537740760021
0.9989858012170385,0.5130208333333334
0.9989858012170385,0.5132881709223553
0.9989858012170385,0.513555787278415
0.9989858012170385,0.5138236828377674
0.9989858012170385,0.5140918580375783
0.9989858012170385,0.5143603133159269
0.9989858012170385,0.5146290491118077
0.9989858012170385,0.5148980658651333
0.9989858012170385,0.5151673640167364
0.9989858012170385,0.5154369440083726
0.9989858012170385,0.5157068062827225
0.9989858012170385,0.5159769512833945
0.9989858012170385,0.5162473794549266
0.9989858012170385,0.5165180912427897
0.9989858012170385,0.5167890870933893
0.9989858012170385,0.5170603674540682
0.9989858012170385,0.5173319327731093
0.9989858012170385,0.5176037834997372
0.9989858012170385,0.517875920084122
0.9989858012170385,0.5181483429773803
0.9989858012170385,0.5184210526315789
0.9989858012170385,0.5186940494997367
0.9989858012170385,0.5189673340358272
0.9989858012170385,0.5192409066947812
0.9989858012170385,0.5195147679324894
0.9989858012170385,0.5197889182058048
0.9989858012170385,0.5200633579725449
0.9989858012170385,0.520338087691495
0.9989858012170385,0.5206131078224101
0.9989858012170385,0.520888418826018
0.9989858012170385,0.5211640211640212
0.9989858012170385,0.5214399152991
0.9989858012170385,0.5217161016949152
0.9989858012170385,0.5219925808161102
0.9989858012170385,0.5222693531283139
0.9989858012170385,0.5225464190981433
0.9989858012170385,0.522823779193206
0.9989858012170385,0.5231014338821031
0.9989858012170385,0.5233793836344315
0.9989858012170385,0.5236576289207868
0.9989858012170385,0.523936170212766
0.9989858012170385,0.5242150079829697
0.9989858012170385,0.5244941427050053
0.9989858012170385,0.5247735748534896
0.9989858012170385,0.5250533049040512
0.9989858012170385,0.5253333333333333
0.9989858012170385,0.5256136606189968
0.9989858012170385,0.5258942872397224
0.9989858012170385,0.5261752136752137
0.9989858012170385,0.5264564404061999
0.9989858012170385,0.5267379679144385
0.9989858012170385,0.527019796682718
0.9989858012170385,0.5273019271948608
0.9989858012170385,0.5275843599357257
0.9989858012170385,0.5278670953912111
0.9989858012170385,0.5281501340482574
0.9989858012170385,0.5284334763948498
0.9989858012170385,0.5287171229200215
0.9989858012170385,0.5290010741138561
0.9989858012170385,0.5292853304674906
0.9989858012170385,0.5295698924731183
0.9989858012170385,0.5298547606239914
0.9989858012170385,0.5301399354144241
0.9989858012170385,0.5304254173397954
0.9989858012170385,0.5307112068965517
0.9989858012170385,0.5309973045822103
0.9989858012170385,0.5312837108953614
0.9989858012170385,0.5315704263356719
0.9989858012170385,0.5318574514038877
0.9989858012170385,0.5321447866018368
0.9989858012170385,0.5324324324324324
0.9979716024340771,0.5321795565170362
0.9979716024340771,0.5324675324675324
0.9979716024340771,0.5327558202490525
0.9979716024340771,0.5330444203683641
0.9979716024340771,0.5333333333333333
0.9979716024340771,0.5336225596529284
0.9979716024340771,0.5339120998372219
0.9969574036511156,0.5336590662323561
0.9969574036511156,0.5339489407930472
0.9959432048681541,0.533695652173913
0.9959432048681541,0.5339858618814574
0.9959432048681541,0.5342763873775843
0.9959432048681541,0.5345672291780076
0.9959432048681541,0.5348583877995643
0.9959432048681541,0.535149863760218
0.9959432048681541,0.5354416575790621
0.9959432048681541,0.5357337697763229
0.9959432048681541,0.5360262008733624
0.9959432048681541,0.5363189513926816
0.9949290060851927,0.5360655737704918
0.9949290060851927,0.5363586659376709
0.9949290060851927,0.5366520787746171
0.9949290060851927,0.5369458128078818
0.9949290060851927,0.5372398685651698
0.9949290060851927,0.5375342465753424
0.9949290060851927,0.537828947368421
0.9949290060851927,0.5381239714755897
0.9949290060851927,0.5384193194291986
0.9949290060851927,0.5387149917627677
0.9949290060851927,0.539010989010989
0.9949290060851927,0.5393073117097307
0.9949290060851927,0.5396039603960396
0.9949290060851927,0.5399009356081453
0.9949290060851927,0.5401982378854625
0.9949290060851927,0.540495867768595
0.9949290060851927,0.5407938257993384
0.9949290060851927,0.5410921125206839
0.9949290060851927,0.5413907284768212
0.9949290060851927,0.541689674213142
0.9949290060851927,0.541988950276243
0.9949290060851927,0.5422885572139303
0.9949290060851927,0.5425884955752213
0.9949290060851927,0.5428887659103486
0.9949290060851927,0.5431893687707641
0.9949290060851927,0.5434903047091413
0.9949290060851927,0.5437915742793792
0.9949290060851927,0.5440931780366056
0.9949290060851927,0.5443951165371809
0.9949290060851927,0.5446973903387007
0.9949290060851927,0.545
0.9949290060851927,0.5453029460811561
0.9949290060851927,0.5456062291434928
0.9949290060851927,0.5459098497495827
0.9949290060851927,0.5462138084632516
0.9949290060851927,0.5465181058495822
0.9949290060851927,0.5468227424749164
0.9949290060851927,0.54712771890686
0.9949290060851927,0.5474330357142857
0.9949290060851927,0.5477386934673367
0.9949290060851927,0.5480446927374302
0.9949290060851927,0.548351034097261
0.9949290060851927,0.5486577181208053
0.9949290060851927,0.548964745383324
0.9949290060851927,0.5492721164613662
0.9949290060851927,0.5495798319327732
0.9949290060851927,0.5498878923766816
0.9949290060851927,0.5501962983735278
0.9949290060851927,0.5505050505050505
0.9949290060851927,0.5508141493542953
0.9949290060851927,0.551123595505618
0.9949290060851927,0.551433389544688
0.9949290060851927,0.5517435320584927
0.9949290060851927,0.5520540236353405
0.9949290060851927,0.5523648648648649
0.9949290060851927,0.5526760563380282
0.9949290060851927,0.5529875986471251
0.9949290060851927,0.5532994923857868
0.9949290060851927,0.5536117381489842
0.9949290060851927,0.5539243365330322
0.9949290060851927,0.5542372881355933
0.9949290060851927,0.5545505935556811
0.9949290060851927,0.5548642533936652
0.9949290060851927,0.5551782682512734
0.9949290060851927,0.5554926387315968
0.9949290060851927,0.5558073654390935
0.9949290060851927,0.5561224489795918
0.9949290060851927,0.556437889960295
0.9949290060851927,0.5567536889897844
0.9949290060851927,0.5570698466780238
0.9949290060851927,0.5573863636363636
0.9949290060851927,0.557703240477544
0.9949290060851927,0.5580204778156996
0.9949290060851927,0.5583380762663631
0.9949290060851927,0.5586560364464692
0.9949290060851927,0.558974358974359
0.9949290060851927,0.5592930444697833
0.9949290060851927,0.5596120935539076
0.9949290060851927,0.559931506849315
0.9949290060851927,0.5602512849800114
0.9949290060851927,0.5605714285714286
0.9949290060851927,0.5608919382504288
0.9949290060851927,0.5612128146453089
0.9949290060851927,0.5615340583858043
0.9949290060851927,0.5618556701030928
0.9949290060851927,0.5621776504297994
0.9949290060851927,0.5625
0.9949290060851927,0.5628227194492255
0.9949290060851927,0.5631458094144661
0.9949290060851927,0.5634692705341757
0.9949290060851927,0.5637931034482758
0.9949290060851927,0.5641173087981599
0.9949290060851927,0.5644418872266973
0.9949290060851927,0.5647668393782384
0.9949290060851927,0.5650921658986175
0.9949290060851927,0.5654178674351585
0.9949290060851927,0.5657439446366782
0.9949290060851927,0.566070398153491
0.9949290060851927,0.5663972286374134
0.9949290060851927,0.5667244367417678
0.9949290060851927,0.5670520231213872
0.9949290060851927,0.56737998843262
0.9949290060851927,0.5677083333333334
0.9949290060851927,0.5680370584829183
0.9949290060851927,0.5683661645422943
0.9949290060851927,0.568695652173913
0.9949290060851927,0.5690255220417634
0.9949290060851927,0.5693557748113756
0.9949290060851927,0.5696864111498258
0.9949290060851927,0.5700174317257408
0.9949290060851927,0.5703488372093023
0.9949290060851927,0.5706806282722513
0.9949290060851927,0.5710128055878929
0.9949290060851927,0.5713453698311007
0.9949290060851927,0.5716783216783217
0.9949290060851927,0.5720116618075802
0.9949290060851927,0.5723453908984831
0.9949290060851927,0.5726795096322241
0.9939148073022313,0.572429906542056
0.9939148073022313,0.5727644652250146
0.9939148073022313,0.5730994152046783
0.9939148073022313,0.5734347571679345
0.9939148073022313,0.5737704918032787
0.9939148073022313,0.5741066198008201
0.9939148073022313,0.5744431418522861
0.9939148073022313,0.5747800586510264
0.9939148073022313,0.5751173708920188
0.9939148073022313,0.5754550792718731
0.9939148073022313,0.5757931844888367
0.9939148073022313,0.5761316872427984
0.9939148073022313,0.5764705882352941
0.9939148073022313,0.5768098881695115
0.9939148073022313,0.5771495877502945
0.9939148073022313,0.5774896876841485
0.9939148073022313,0.5778301886792453
0.9939148073022313,0.5781710914454278
0.9939148073022313,0.5785123966942148
0.9939148073022313,0.5788541051388069
0.9939148073022313,0.5791962174940898
0.9929006085192698,0.5789473684210527
0.9929006085192698,0.5792899408284023
0.9929006085192698,0.5796329188869154
0.9929006085192698,0.5799763033175356
0.9929006085192698,0.5803200948429165
0.9929006085192698,0.5806642941874258
0.9929006085192698,0.5810089020771514
0.9929006085192698,0.581353919239905
0.9929006085192698,0.5816993464052288
0.9929006085192698,0.5820451843043996
0.9929006085192698,0.5823914336704342
0.9929006085192698,0.5827380952380953
0.9929006085192698,0.5830851697438951
0.9929006085192698,0.5834326579261025
0.9929006085192698,0.5837805605247466
0.9929006085192698,0.584128878281623
0.9929006085192698,0.5844776119402985
0.9929006085192698,0.5848267622461171
0.9929006085192698,0.5851763299462044
0.9929006085192698,0.5855263157894737
0.9929006085192698,0.5858767205266308
0.9929006085192698,0.5862275449101796
0.9929006085192698,0.5865787896944278
0.9929006085192698,0.5869304556354916
0.9929006085192698,0.5872825434913017
0.9929006085192698,0.5876350540216086
0.9929006085192698,0.587987987987988
0.9929006085192698,0.5883413461538461
0.9929006085192698,0.5886951292844257
0.9929006085192698,0.589049338146811
0.9929006085192698,0.5894039735099338
0.9929006085192698,0.5897590361445784
0.9929006085192698,0.5901145268233876
0.9929006085192698,0.5904704463208685
0.9929006085192698,0.5908267954133977
0.9929006085192698,0.591183574879227
0.9929006085192698,0.5915407854984894
0.9929006085192698,0.5918984280532044
0.9929006085192698,0.5922565033272837
0.9929006085192698,0.5926150121065376
0.9929006085192698,0.5929739551786796
0.9929006085192698,0.5933333333333334
0.9929006085192698,0.5936931473620376
0.9929006085192698,0.5940533980582524
0.9929006085192698,0.5944140862173649
0.9929006085192698,0.594775212636695
0.9929006085192698,0.5951367781155015
0.9929006085192698,0.5954987834549879
0.9929006085192698,0.595861229458308
0.9929006085192698,0.5962241169305724
0.9929006085192698,0.5965874466788543
0.9929006085192698,0.5969512195121951
0.9929006085192698,0.5973154362416108
0.9929006085192698,0.5976800976800977
0.9929006085192698,0.598045204642639
0.9929006085192698,0.5984107579462102
0.9929006085192698,0.598776758409786
0.9929006085192698,0.5991432068543452
0.9929006085192698,0.5995101041028781
0.9929006085192698,0.5998774509803921
0.9929006085192698,0.6002452483139178
0.9929006085192698,0.6006134969325153
0.9918864097363083,0.6003683241252302
0.9918864097363083,0.6007371007371007
0.9918864097363083,0.6011063306699447
0.9918864097363083,0.6014760147601476
0.9918864097363083,0.6018461538461538
0.9918864097363083,0.6022167487684729
0.9918864097363083,0.6025878003696857
0.9918864097363083,0.6029593094944513
0.9918864097363083,0.6033312769895126
0.9918864097363083,0.6037037037037037
0.9918864097363083,0.6040765904879555
0.9918864097363083,0.6044499381953028
0.9918864097363083,0.6048237476808905
0.9918864097363083,0.6051980198019802
0.9918864097363083,0.6055727554179566
0.9918864097363083,0.6059479553903345
0.9918864097363083,0.606323620582765
0.9908722109533469,0.6060794044665012
0.9908722109533469,0.606455617628802
0.9908722109533469,0.606832298136646
0.9908722109533469,0.6072094468614045
0.9898580121703854,0.6069651741293532
0.9888438133874239,0.6067205973864344
0.9888438133874239,0.6070983810709838
0.9888438133874239,0.6074766355140186
0.9888438133874239,0.60785536159601
0.9888438133874239,0.6082345601996257
0.9888438133874239,0.6086142322097379
0.9878296146044625,0.6083697688944409
0.9878296146044625,0.60875
0.986815415821501,0.608505315822389
0.986815415821501,0.6088861076345432
0.986815415821501,0.6092673763306199
0.986815415821501,0.6096491228070176
0.986815415821501,0.6100313479623825
0.9858012170385395,0.6097867001254705
0.9858012170385395,0.6101694915254238
0.9847870182555781,0.6099246231155779
0.9847870182555781,0.6103079824010057
0.9847870182555781,0.610691823899371
0.9847870182555781,0.6110761485210825
0.9847870182555781,0.6114609571788413
0.9847870182555781,0.6118462507876496
0.9847870182555781,0.6122320302648171
0.9847870182555781,0.6126182965299685
0.9847870182555781,0.6130050505050505
0.9847870182555781,0.6133922931143398
0.9847870182555781,0.6137800252844501
0.9847870182555781,0.614168247944339
0.9847870182555781,0.6145569620253165
0.9847870182555781,0.6149461684610513
0.9847870182555781,0.6153358681875792
0.9837728194726166,0.6150919467343057
0.9837728194726166,0.6154822335025381
0.9837728194726166,0.6158730158730159
0.9837728194726166,0.6162642947903431
0.9837728194726166,0.6166560712015258
0.9827586206896551,0.6164122137404581
0.9827586206896551,0.6168045830681095
0.9827586206896551,0.6171974522292993
0.9827586206896551,0.6175908221797323
0.9827586206896551,0.6179846938775511
0.9827586206896551,0.618379068283344
0.9827586206896551,0.6187739463601533
0.9827586206896551,0.6191693290734824
0.9827586206896551,0.6195652173913043
0.9827586206896551,0.6199616122840691
0.9827586206896551,0.6203585147247119
0.9827586206896551,0.6207559256886611
0.9827586206896551,0.6211538461538462
0.9827586206896551,0.6215522771007056
0.9827586206896551,0.6219512195121951
0.9827586206896551,0.6223506743737958
0.9827586206896551,0.6227506426735219
0.9827586206896551,0.6231511254019293
0.9827586206896551,0.6235521235521235
0.9827586206896551,0.6239536381197682
0.9827586206896551,0.6243556701030928
0.9827586206896551,0.6247582205029013
0.9827586206896551,0.6251612903225806
0.9827586206896551,0.6255648805681084
0.9827586206896551,0.625968992248062
0.9817444219066938,0.6257272139625081
0.9817444219066938,0.6261319534282018
0.9817444219066938,0.626537216828479
0.9817444219066938,0.6269430051813472
0.9817444219066938,0.627349319507453
0.9817444219066938,0.6277561608300908
0.9817444219066938,0.6281635301752109
0.9817444219066938,0.6285714285714286
0.9817444219066938,0.6289798570500325
0.9817444219066938,0.6293888166449935
0.9817444219066938,0.6297983083929733
0.9817444219066938,0.6302083333333334
0.9817444219066938,0.6306188925081433
0.9817444219066938,0.6310299869621904
0.9817444219066938,0.6314416177429876
0.9817444219066938,0.6318537859007833
0.9817444219066938,0.6322664924885696
0.9817444219066938,0.6326797385620915
0.9817444219066938,0.6330935251798561
0.9817444219066938,0.6335078534031413
0.9817444219066938,0.6339227242960053
0.9817444219066938,0.6343381389252949
0.9817444219066938,0.6347540983606558
0.9817444219066938,0.6351706036745407
0.9817444219066938,0.6355876559422193
0.9817444219066938,0.6360052562417872
0.9817444219066938,0.6364234056541749
0.9817444219066938,0.6368421052631579
0.9817444219066938,0.6372613561553654
0.9817444219066938,0.6376811594202898
0.9817444219066938,0.6381015161502966
0.9817444219066938,0.6385224274406333
0.9817444219066938,0.638943894389439
0.9817444219066938,0.6393659180977543
0.9817444219066938,0.6397884996695308
0.9817444219066938,0.6402116402116402
0.9817444219066938,0.6406353408338848
0.9817444219066938,0.6410596026490066
0.9817444219066938,0.6414844267726971
0.9807302231237323,0.6412466843501327
0.9807302231237323,0.641672196416722
0.9807302231237323,0.6420982735723771
0.9797160243407708,0.641860465116279
0.9797160243407708,0.6422872340425532
0.9797160243407708,0.6427145708582834
0.9797160243407708,0.6431424766977364
0.9797160243407708,0.6435709526982012
0.9797160243407708,0.644
0.9797160243407708,0.6444296197464977
0.9797160243407708,0.6448598130841121
0.9797160243407708,0.6452905811623246
0.9797160243407708,0.6457219251336899
0.9797160243407708,0.6461538461538462
0.9797160243407708,0.6465863453815262
0.9797160243407708,0.6470194239785666
0.9797160243407708,0.6474530831099196
0.9797160243407708,0.647887323943662
0.9797160243407708,0.6483221476510067
0.9797160243407708,0.648757555406313
0.9797160243407708,0.6491935483870968
0.9797160243407708,0.6496301277740417
0.9797160243407708,0.6500672947510094
0.9797160243407708,0.6505050505050505
0.9797160243407708,0.6509433962264151
0.9787018255578094,0.650708024275118
0.9787018255578094,0.6511470985155196
0.9787018255578094,0.6515867656988521
0.9787018255578094,0.652027027027027
0.9787018255578094,0.6524678837052063
0.9787018255578094,0.6529093369418133
0.9787018255578094,0.6533513879485443
0.9787018255578094,0.6537940379403794
0.9787018255578094,0.6542372881355932
0.9787018255578094,0.6546811397557666
0.9787018255578094,0.6551255940257977
0.9787018255578094,0.6555706521739131
0.9787018255578094,0.6560163154316792
0.9787018255578094,0.6564625850340136
0.9787018255578094,0.6569094622191968
0.9787018255578094,0.6573569482288828
0.9787018255578094,0.6578050443081118
0.9787018255578094,0.6582537517053206
0.9787018255578094,0.658703071672355
0.9787018255578094,0.6591530054644809
0.9787018255578094,0.6596035543403964
0.9787018255578094,0.6600547195622435
0.9787018255578094,0.6605065023956195
0.9787018255578094,0.660958904109589
0.9787018255578094,0.6614119259766964
0.9787018255578094,0.6618655692729767
0.9787018255578094,0.6623198352779684
0.9787018255578094,0.6627747252747253
0.9787018255578094,0.6632302405498282
0.9787018255578094,0.6636863823933975
0.9787018255578094,0.6641431520991053
0.9787018255578094,0.6646005509641874
0.9787018255578094,0.6650585802894555
0.9787018255578094,0.6655172413793103
0.9787018255578094,0.665976535541753
0.9776876267748479,0.6657458563535912
0.9776876267748479,0.6662059433310297
0.9776876267748479,0.6666666666666666
0.9776876267748479,0.6671280276816609
0.9776876267748479,0.667590027700831
0.9776876267748479,0.668052668052668
0.9776876267748479,0.6685159500693482
0.9776876267748479,0.6689798750867453
0.9766734279918864,0.66875
0.9766734279918864,0.6692147324530924
0.9766734279918864,0.6696801112656467
0.9766734279918864,0.6701461377870563
0.9766734279918864,0.6706128133704735
0.9766734279918864,0.6710801393728223
0.9766734279918864,0.6715481171548117
0.9766734279918864,0.672016748080949
0.9766734279918864,0.672486033519553
0.9766734279918864,0.6729559748427673
0.9766734279918864,0.6734265734265734
0.9766734279918864,0.6738978306508048
0.9766734279918864,0.6743697478991597
0.9766734279918864,0.6748423265592152
0.9766734279918864,0.6753155680224404
0.9766734279918864,0.6757894736842105
0.9766734279918864,0.6762640449438202
0.9766734279918864,0.6767392832044975
0.9766734279918864,0.6772151898734177
0.9766734279918864,0.6776917663617171
0.9766734279918864,0.678169014084507
0.9766734279918864,0.678646934460888
0.9756592292089249,0.6784203102961918
0.9756592292089249,0.6788990825688074
0.9756592292089249,0.6793785310734464
0.9756592292089249,0.6798586572438162
0.9756592292089249,0.6803394625176803
0.9756592292089249,0.6808209483368719
0.9756592292089249,0.6813031161473088
0.9746450304259635,0.6810772501771793
0.9746450304259635,0.6815602836879433
0.9746450304259635,0.6820440028388929
0.9746450304259635,0.6825284090909091
0.9746450304259635,0.6830135039090263
0.9746450304259635,0.6834992887624467
0.973630831643002,0.6832740213523132
0.973630831643002,0.6837606837606838
0.973630831643002,0.684248039914469
0.973630831643002,0.6847360912981455
0.9726166328600405,0.6845110635260528
0.9726166328600405,0.685
0.9726166328600405,0.6854896354538956
0.9726166328600405,0.6859799713876967
0.9726166328600405,0.686471009305655
0.9726166328600405,0.6869627507163324
0.9726166328600405,0.6874551971326165
0.9726166328600405,0.687948350071736
0.9726166328600405,0.6884422110552764
0.9726166328600405,0.6889367816091954
0.9726166328600405,0.689432063263839
0.9726166328600405,0.6899280575539568
0.9726166328600405,0.6904247660187185
0.9716024340770791,0.6902017291066282
0.9716024340770791,0.6906993511175198
0.9716024340770791,0.6911976911976911
0.9716024340770791,0.691696750902527
0.9716024340770791,0.6921965317919075
0.9716024340770791,0.6926970354302241
0.9716024340770791,0.6931982633863966
0.9716024340770791,0.6937002172338885
0.9716024340770791,0.6942028985507246
0.9705882352941176,0.6939811457577955
0.9705882352941176,0.6944847605224964
0.9695740365111561,0.6942628903413217
0.9695740365111561,0.6947674418604651
0.9695740365111561,0.6952727272727273
0.9685598377281948,0.6950509461426492
0.9685598377281948,0.6955571740713765
0.9685598377281948,0.6960641399416909
0.9685598377281948,0.6965718453683443
0.9685598377281948,0.6970802919708029
0.9685598377281948,0.6975894813732652
0.9685598377281948,0.6980994152046783
0.9685598377281948,0.6986100950987564
0.9685598377281948,0.6991215226939971
0.9685598377281948,0.6996336996336996
0.9685598377281948,0.7001466275659824
0.9685598377281948,0.7006603081438004
0.9685598377281948,0.7011747430249633
0.9685598377281948,0.7016899338721528
0.9685598377281948,0.7022058823529411
0.9675456389452333,0.7019867549668874
0.9665314401622718,0.7017673048600883
0.9665314401622718,0.7022844509948416
0.9665314401622718,0.7028023598820059
0.9655172413793104,0.7025830258302583
0.9645030425963489,0.7023633677991138
0.9645030425963489,0.7028824833702882
0.9645030425963489,0.7034023668639053
0.9634888438133874,0.7031828275351591
0.9634888438133874,0.7037037037037037
0.9634888438133874,0.704225352112676
0.9634888438133874,0.7047477744807121
0.9634888438133874,0.7052709725315516
0.9634888438133874,0.7057949479940565
0.9634888438133874,0.7063197026022305
0.9634888438133874,0.7068452380952381
0.9634888438133874,0.7073715562174236
0.9634888438133874,0.7078986587183308
0.9634888438133874,0.7084265473527218
0.9634888438133874,0.7089552238805971
0.9634888438133874,0.7094846900672144
0.9634888438133874,0.7100149476831091
0.962474645030426,0.7097980553477936
0.962474645030426,0.7103293413173652
0.962474645030426,0.7108614232209738
0.962474645030426,0.7113943028485757
0.962474645030426,0.7119279819954989
0.9614604462474645,0.7117117117117117
0.9614604462474645,0.7122464312546957
0.9614604462474645,0.7127819548872181
0.9614604462474645,0.7133182844243793
0.9614604462474645,0.713855421686747
0.960446247464503,0.7136397889977393
0.960446247464503,0.7141779788838613
0.960446247464503,0.7147169811320755
0.9594320486815415,0.7145015105740181
0.9584178498985801,0.7142857142857143
0.9584178498985801,0.7148260211800302
0.9584178498985801,0.7153671461014383
0.9574036511156186,0.7151515151515152
0.9563894523326572,0.7149355572403336
0.9563894523326572,0.7154779969650986
0.9563894523326572,0.7160212604403948
0.9563894523326572,0.7165653495440729
0.9563894523326572,0.7171102661596959
0.9563894523326572,0.7176560121765602
0.9563894523326572,0.7182025894897182
0.9563894523326572,0.71875
0.9553752535496958,0.7185354691075515
0.9553752535496958,0.7190839694656489
0.9553752535496958,0.719633307868602
0.9553752535496958,0.7201834862385321
0.9543610547667343,0.7199693955623565
0.9533468559837728,0.7197549770290965
0.9533468559837728,0.7203065134099617
0.9533468559837728,0.7208588957055214
0.9533468559837728,0.7214121258633922
0.9533468559837728,0.7219662058371735
0.9533468559837728,0.722521137586472
0.9533468559837728,0.7230769230769231
0.9533468559837728,0.7236335642802155
0.9523326572008114,0.7234206471494607
0.9523326572008114,0.7239784117193524
0.9523326572008114,0.7245370370370371
0.9523326572008114,0.7250965250965251
0.9523326572008114,0.7256568778979907
0.9513184584178499,0.7254447022428461
0.9513184584178499,0.7260061919504643
0.9513184584178499,0.726568551510457
0.9513184584178499,0.7271317829457364
0.9503042596348884,0.7269200930954228
0.9503042596348884,0.7274844720496895
0.9503042596348884,0.728049728049728
0.9503042596348884,0.7286158631415242
0.9503042596348884,0.7291828793774319
0.9503042596348884,0.7297507788161994
0.9503042596348884,0.730319563522993
0.9503042596348884,0.7308892355694228
0.949290060851927,0.7306791569086651
0.9482758620689655,0.73046875
0.9482758620689655,0.7310398749022674
0.9482758620689655,0.7316118935837246
0.9482758620689655,0.7321848081440877
0.947261663286004,0.731974921630094
0.947261663286004,0.7325490196078431
0.9462474645030426,0.7323390894819466
0.9462474645030426,0.7329143754909663
0.9462474645030426,0.7334905660377359
0.9452332657200812,0.7332808811959087
0.9442190669371197,0.7330708661417323
0.9442190669371197,0.7336485421591804
0.9442190669371197,0.7342271293375394
0.9442190669371197,0.7348066298342542
0.9442190669371197,0.735387045813586
0.9442190669371197,0.7359683794466403
0.9442190669371197,0.7365506329113924
0.9442190669371197,0.7371338083927158
0.9442190669371197,0.7377179080824089
0.9442190669371197,0.7383029341792229
0.9432048681541582,0.7380952380952381
0.9432048681541582,0.73868149324861
0.9421906693711968,0.7384737678855325
0.9421906693711968,0.7390612569610183
0.9411764705882353,0.7388535031847133
0.9411764705882353,0.7394422310756972
0.9411764705882353,0.7400318979266348
0.9401622718052738,0.7398244213886672
0.9391480730223124,0.7396166134185304
0.9391480730223124,0.7402078337330136
0.9391480730223124,0.7408
0.9391480730223124,0.7413931144915933
0.9391480730223124,0.7419871794871795
0.9391480730223124,0.7425821972734563
0.9381338742393509,0.7423756019261637
0.9381338742393509,0.7429718875502008
0.9381338742393509,0.7435691318327974
0.9371196754563894,0.7433628318584071
0.9371196754563894,0.7439613526570048
0.9371196754563894,0.7445608380338437
0.9371196754563894,0.7451612903225806
0.9371196754563894,0.7457627118644068
0.936105476673428,0.7455573505654282
0.936105476673428,0.746160064672595
0.9350912778904665,0.7459546925566343
0.9350912778904665,0.7465587044534413
0.9350912778904665,0.747163695299838
0.9350912778904665,0.7477696674776967
0.9350912778904665,0.7483766233766234
0.9350912778904665,0.7489845653939886
0.9350912778904665,0.7495934959349594
0.9350912778904665,0.7502034174125305
0.9350912778904665,0.750814332247557
0.9350912778904665,0.7514262428687857
0.9350912778904665,0.7520391517128875
0.934077079107505,0.7518367346938776
0.934077079107505,0.7524509803921569
0.9330628803245437,0.7522485690923958
0.9330628803245437,0.7528641571194763
0.9330628803245437,0.7534807534807535
0.9330628803245437,0.7540983606557377
0.9330628803245437,0.7547169811320755
0.9330628803245437,0.7553366174055829
0.9320486815415822,0.7551355792933443
0.9320486815415822,0.7557565789473685
0.9310344827586207,0.7555555555555555
0.9300202839756593,0.7553542009884678
0.9300202839756593,0.7559769167353668
0.9290060851926978,0.7557755775577558
0.9290060851926978,0.7563996696944674
0.9290060851926978,0.7570247933884298
0.9279918864097363,0.7568238213399504
0.9279918864097363,0.7574503311258278
0.9279918864097363,0.7580778790389395
0.9269776876267748,0.75787728026534
0.9269776876267748,0.75850622406639
0.9269776876267748,0.7591362126245847
0.9269776876267748,0.7597672485453034
0.9269776876267748,0.7603993344425957
0.9269776876267748,0.7610324729392173
0.9269776876267748,0.7616666666666667
0.9269776876267748,0.762301918265221
0.9259634888438134,0.7621035058430717
0.9259634888438134,0.7627401837928154
0.9249492900608519,0.7625418060200669
0.9249492900608519,0.7631799163179916
0.9239350912778904,0.7629815745393634
0.922920892494929,0.7627829002514669
0.9219066937119675,0.7625838926174496
0.920892494929006,0.762384550797649
0.920892494929006,0.7630252100840336
0.920892494929006,0.7636669470142977
0.920892494929006,0.7643097643097643
0.920892494929006,0.7649536647009267
0.920892494929006,0.7655986509274874
0.9198782961460447,0.7654008438818566
0.9198782961460447,0.7660472972972973
0.9198782961460447,0.7666948436179205
0.9198782961460447,0.7673434856175972
0.9198782961460447,0.7679932260795935
0.9198782961460447,0.7686440677966102
0.9198782961460447,0.7692960135708228
0.9188640973630832,0.769100169779287
0.9178498985801217,0.7689039932030586
0.9168356997971603,0.7687074829931972
0.9168356997971603,0.7693617021276595
0.9158215010141988,0.7691652470187393
0.9148073022312373,0.7689684569479965
0.9148073022312373,0.7696245733788396
0.9137931034482759,0.7694278394534586
0.9127789046653144,0.7692307692307693
0.9127789046653144,0.7698887938408896
0.9117647058823529,0.7696917808219178
0.9107505070993914,0.7694944301628106
0.9107505070993914,0.7701543739279588
0.9107505070993914,0.7708154506437769
0.90973630831643,0.770618556701031
0.9087221095334685,0.7704213241616509
0.907707910750507,0.770223752151463
0.907707910750507,0.7708871662360034
0.907707910750507,0.771551724137931
0.907707910750507,0.7722174288179465
0.907707910750507,0.7728842832469776
0.907707910750507,0.773552290406223
0.907707910750507,0.7742214532871973
0.907707910750507,0.7748917748917749
0.907707910750507,0.7755632582322357
0.907707910750507,0.7762359063313097
0.907707910750507,0.7769097222222222
0.907707910750507,0.7775847089487402
0.907707910750507,0.7782608695652173
0.907707910750507,0.7789382071366405
0.907707910750507,0.7796167247386759
0.9066937119675457,0.7794245858761988
0.9056795131845842,0.7792321116928447
0.9056795131845842,0.7799126637554585
0.9056795131845842,0.7805944055944056
0.9046653144016227,0.7804024496937882
0.9036511156186613,0.7802101576182137
0.9036511156186613,0.7808939526730938
0.9036511156186613,0.781578947368421
0.9036511156186613,0.7822651448639157
0.9036511156186613,0.7829525483304042
0.9036511156186613,0.783641160949868
0.9026369168356998,0.7834507042253521
0.9026369168356998,0.7841409691629956
0.9016227180527383,0.7839506172839507
0.9016227180527383,0.7846425419240953
0.9006085192697769,0.784452296819788
0.8995943204868154,0.784261715296198
0.8995943204868154,0.7849557522123893
0.8995943204868154,0.7856510186005314
0.8985801217038539,0.7854609929078015
0.8985801217038539,0.7861579414374446
0.8975659229208925,0.7859680284191829
0.8975659229208925,0.7866666666666666
0.896551724137931,0.7864768683274022
0.896551724137931,0.7871772039180766
0.8955375253549696,0.7869875222816399
0.8945233265720081,0.7867975022301517
0.8945233265720081,0.7875
0.8945233265720081,0.7882037533512064
0.8945233265720081,0.7889087656529516
0.8945233265720081,0.7896150402864817
0.8945233265720081,0.7903225806451613
0.8935091277890467,0.7901345291479821
0.8924949290060852,0.7899461400359067
0.8924949290060852,0.7906558849955077
0.8924949290060852,0.7913669064748201
0.8914807302231237,0.7911791179117912
0.8904665314401623,0.790990990990991
0.8904665314401623,0.7917042380522994
0.8894523326572008,0.7915162454873647
0.8894523326572008,0.7922312556458898
0.8884381338742393,0.7920433996383364
0.8884381338742393,0.7927601809954751
0.8874239350912779,0.792572463768116
0.8874239350912779,0.7932910244786945
0.8864097363083164,0.7931034482758621
0.8864097363083164,0.7938237965485921
0.8864097363083164,0.7945454545454546
0.8864097363083164,0.7952684258416742
0.8864097363083164,0.7959927140255009
0.8864097363083164,0.796718322698268
0.8864097363083164,0.7974452554744526
0.8864097363083164,0.7981735159817351
0.8864097363083164,0.7989031078610603
0.8864097363083164,0.7996340347666971
0.8864097363083164,0.8003663003663004
0.8853955375253549,0.8001833180568286
0.8853955375253549,0.8009174311926606
0.8843813387423936,0.800734618916437
0.8843813387423936,0.8014705882352942
0.8833671399594321,0.8012879484820608
0.8833671399594321,0.8020257826887661
0.8823529411764706,0.8018433179723502
0.8813387423935092,0.801660516605166
0.8803245436105477,0.801477377654663
0.8793103448275862,0.8012939001848429
0.8793103448275862,0.8020351526364478
0.8793103448275862,0.8027777777777778
0.8782961460446247,0.8025949953660797
0.8782961460446247,0.8033395176252319
0.8772819472616633,0.8031569173630455
0.8762677484787018,0.8029739776951673
0.8752535496957403,0.8027906976744186
0.8752535496957403,0.8035381750465549
0.8752535496957403,0.804287045666356
0.8752535496957403,0.8050373134328358
0.8752535496957403,0.8057889822595705
0.8742393509127789,0.805607476635514
0.8732251521298174,0.8054256314312441
0.8722109533468559,0.8052434456928839
0.8711967545638946,0.8050609184629803
0.8711967545638946,0.8058161350844277
0.8701825557809331,0.8056338028169014
0.8691683569979716,0.8054511278195489
0.8691683569979716,0.80620884289746
0.8681541582150102,0.8060263653483992
0.8681541582150102,0.8067860508953817
0.8671399594320487,0.8066037735849056
0.8661257606490872,0.8064211520302171
0.8661257606490872,0.8071833648393195
0.8661257606490872,0.8079470198675497
0.8661257606490872,0.8087121212121212
0.8651115618661258,0.8085308056872038
0.8651115618661258,0.8092979127134725
0.8640973630831643,0.8091168091168092
0.8630831643002028,0.80893536121673
0.8620689655172413,0.8087535680304472
0.8620689655172413,0.8095238095238095
0.8610547667342799,0.8093422306959008
0.8600405679513184,0.8091603053435115
0.8600405679513184,0.8099331423113658
0.859026369168357,0.8097514340344169
0.859026369168357,0.8105263157894737
0.8580121703853956,0.8103448275862069
0.8580121703853956,0.8111217641418984
0.8569979716024341,0.8109404990403071
0.8559837728194726,0.8107588856868396
0.8549695740365112,0.8105769230769231
0.8549695740365112,0.8113570741097209
0.8539553752535497,0.8111753371868978
0.8529411764705882,0.81099324975892
0.8529411764705882,0.8117760617760618
0.8529411764705882,0.81256038647343
0.8529411764705882,0.8133462282398453
0.8519269776876268,0.8131655372700871
0.8519269776876268,0.813953488372093
0.8519269776876268,0.8147429679922406
0.8509127789046653,0.8145631067961165
0.8498985801217038,0.814382896015549
0.8498985801217038,0.8151750972762646
0.8498985801217038,0.815968841285297
0.8488843813387424,0.8157894736842105
0.847870182555781,0.8156097560975609
0.8468559837728195,0.8154296875
0.8468559837728195,0.8162267839687195
0.8468559837728195,0.8170254403131115
0.845841784989858,0.8168462291870715
0.8448275862068966,0.8166666666666667
0.8448275862068966,0.8174681059862611
0.8438133874239351,0.8172888015717092
0.8427991886409736,0.8171091445427728
0.8427991886409736,0.8179133858267716
0.8427991886409736,0.81871921182266
0.8417849898580122,0.8185404339250493
0.8417849898580122,0.8193484698914116
0.8417849898580122,0.8201581027667985
0.8407707910750507,0.8199802176063303
0.8407707910750507,0.8207920792079207
0.8407707910750507,0.821605550049554
0.8397565922920892,0.8214285714285714
0.8387423935091278,0.8212512413108243
0.8387423935091278,0.8220675944333996
0.8387423935091278,0.8228855721393035
0.8377281947261663,0.8227091633466136
0.8367139959432048,0.8225324027916251
0.8356997971602435,0.8223552894211577
0.8356997971602435,0.8231768231768232
0.8356997971602435,0.824
0.8356997971602435,0.8248248248248248
0.8356997971602435,0.8256513026052105
0.834685598377282,0.8254764292878636
0.834685598377282,0.8263052208835341
0.8336713995943205,0.8261306532663316
0.8336713995943205,0.8269617706237424
0.8326572008113591,0.8267875125881168
0.8326572008113591,0.8276209677419355
0.8326572008113591,0.8284561049445005
0.8326572008113591,0.8292929292929293
0.8316430020283976,0.8291203235591507
0.8316430020283976,0.8299595141700404
0.8306288032454361,0.8297872340425532
0.8306288032454361,0.8306288032454361
0.8296146044624746,0.8304568527918782
0.8296146044624746,0.8313008130081301
0.8286004056795132,0.8311291963377416
0.8275862068965517,0.8309572301425662
0.8265720081135902,0.8307849133537207
0.8265720081135902,0.8316326530612245
0.8265720081135902,0.832482124616956
0.8255578093306288,0.8323108384458078
0.8245436105476673,0.8321392016376663
0.8245436105476673,0.8329918032786885
0.8235294117647058,0.8328205128205128
0.8235294117647058,0.8336755646817249
0.8225152129817445,0.8335046248715313
0.821501014198783,0.8333333333333334
0.8204868154158215,0.8331616889804325
0.8194726166328601,0.8329896907216495
0.8184584178498986,0.8328173374613003
0.8174442190669371,0.8326446280991735
0.8174442190669371,0.8335056876938987
0.8174442190669371,0.8343685300207039
0.8164300202839757,0.8341968911917098
0.8164300202839757,0.8350622406639004
0.8154158215010142,0.8348909657320872
0.8154158215010142,0.8357588357588358
0.8154158215010142,0.8366285119667014
0.8154158215010142,0.8375
0.8144016227180527,0.8373305526590198
0.8144016227180527,0.8382045929018789
0.8133874239350912,0.8380355276907001
0.8123732251521298,0.8378661087866108
0.8113590263691683,0.837696335078534
0.8103448275862069,0.8375262054507338
0.8093306288032455,0.8373557187827911
0.808316430020284,0.8371848739495799
0.8073022312373225,0.8370136698212408
0.8062880324543611,0.8368421052631579
0.8052738336713996,0.8366701791359326
0.8052738336713996,0.8375527426160337
0.8042596348884381,0.8373812038014784
0.8032454361054767,0.8372093023255814
0.8032454361054767,0.8380952380952381
0.8022312373225152,0.8379237288135594
0.8022312373225152,0.83881230116649
0.8022312373225152,0.8397027600849257
0.8012170385395537,0.8395324123273114
0.8012170385395537,0.8404255319148937
0.8002028397565923,0.8402555910543131
0.7991886409736308,0.8400852878464818
0.7991886409736308,0.8409818569903948
0.7991886409736308,0.8418803418803419
0.7981744421906694,0.841711229946524
0.7971602434077079,0.841541755888651
0.7971602434077079,0.842443729903537
0.7961460446247465,0.842274678111588
0.7961460446247465,0.8431793770139635
0.7961460446247465,0.8440860215053764
0.795131845841785,0.8439181916038752
0.7941176470588235,0.84375
0.7931034482758621,0.8435814455231931
0.7920892494929006,0.8434125269978402
0.7910750507099391,0.8432432432432433
0.7900608519269777,0.8430735930735931
0.7890466531440162,0.8429035752979415
0.7880324543610547,0.8427331887201736
0.7870182555780934,0.8425624321389794
0.7870182555780934,0.8434782608695652
0.7870182555780934,0.8443960826985855
0.7870182555780934,0.8453159041394336
0.7860040567951319,0.8451472191930207
0.7849898580121704,0.8449781659388647
0.7849898580121704,0.8459016393442623
0.783975659229209,0.8457330415754923
0.7829614604462475,0.8455640744797371
0.781947261663286,0.8453947368421053
0.7809330628803245,0.845225027442371
0.7799188640973631,0.845054945054945
0.7789046653144016,0.8448844884488449
0.7789046653144016,0.8458149779735683
0.7778904665314401,0.8456449834619625
0.7778904665314401,0.8465783664459161
0.7768762677484787,0.8464088397790055
0.7768762677484787,0.8473451327433629
0.7768762677484787,0.8482834994462901
0.7768762677484787,0.8492239467849224
0.7758620689655172,0.8490566037735849
0.7758620689655172,0.85
0.7748478701825557,0.8498331479421579
0.7738336713995944,0.8496659242761693
0.7728194726166329,0.8494983277591973
0.7718052738336714,0.8493303571428571
0.7718052738336714,0.8502793296089386
0.77079107505071,0.8501118568232662
0.7697768762677485,0.8499440089585666
0.768762677484787,0.8497757847533632
0.7677484787018256,0.8496071829405163
0.7677484787018256,0.8505617977528089
0.7667342799188641,0.8503937007874016
0.7667342799188641,0.8513513513513513
0.7657200811359026,0.8511837655016911
0.7657200811359026,0.8521444695259593
0.7647058823529411,0.8519774011299435
0.7647058823529411,0.8529411764705882
0.7636916835699797,0.8527746319365799
0.7626774847870182,0.8526077097505669
0.7616632860040567,0.8524404086265607
0.7606490872210954,0.8522727272727273
0.7606490872210954,0.8532423208191127
0.7596348884381339,0.8530751708428246
0.7586206896551724,0.8529076396807298
0.7586206896551724,0.8538812785388128
0.757606490872211,0.8537142857142858
0.757606490872211,0.8546910755148741
0.7565922920892495,0.854524627720504
0.755578093306288,0.8543577981651376
0.755578093306288,0.8553386911595867
0.7545638945233266,0.8551724137931035
0.7535496957403651,0.8550057537399309
0.7525354969574036,0.8548387096774194
0.7515212981744422,0.8546712802768166
0.7515212981744422,0.8556581986143187
0.7515212981744422,0.8566473988439306
0.7505070993914807,0.8564814814814815
0.7505070993914807,0.8574739281575898
0.7494929006085193,0.857308584686775
0.7494929006085193,0.8583042973286876
0.7484787018255578,0.858139534883721
0.7484787018255578,0.8591385331781141
0.7474645030425964,0.8589743589743589
0.7464503042596349,0.8588098016336057
0.7454361054766734,0.8586448598130841
0.744421906693712,0.8584795321637427
0.744421906693712,0.8594847775175644
0.744421906693712,0.8604923798358733
0.744421906693712,0.8615023474178404
0.7434077079107505,0.8613396004700352
0.7434077079107505,0.8623529411764705
0.742393509127789,0.8621908127208481
0.7413793103448276,0.8620283018867925
0.7413793103448276,0.8630460448642266
0.7403651115618661,0.8628841607565012
0.7393509127789046,0.8627218934911243
0.7383367139959433,0.8625592417061612
0.7383367139959433,0.863582443653618
0.7383367139959433,0.8646080760095012
0.7373225152129818,0.8644470868014269
0.7363083164300203,0.8642857142857143
0.7352941176470589,0.8641239570917759
0.7342799188640974,0.863961813842482
0.7332657200811359,0.8637992831541219
0.7332657200811359,0.8648325358851675
0.7322515212981744,0.8646706586826347
0.7322515212981744,0.8657074340527577
0.731237322515213,0.865546218487395
0.731237322515213,0.8665865384615384
0.7302231237322515,0.8664259927797834
0.7302231237322515,0.8674698795180723
0.72920892494929,0.8673100120627262
0.72920892494929,0.8683574879227053
0.72920892494929,0.8694074969770254
0.72920892494929,0.8704600484261501
0.7281947261663286,0.8703030303030304
0.7271805273833671,0.8701456310679612
0.7271805273833671,0.8712029161603888
0.7261663286004056,0.8710462287104623
0.7261663286004056,0.8721071863580999
0.7261663286004056,0.8731707317073171
0.7251521298174443,0.873015873015873
0.7251521298174443,0.8740831295843521
0.7251521298174443,0.8751529987760098
0.7251521298174443,0.8762254901960784
0.7241379310344828,0.8760736196319019
0.7231237322515213,0.8759213759213759
0.7231237322515213,0.8769987699876999
0.7221095334685599,0.8768472906403941
0.7210953346855984,0.8766954377311961
0.7200811359026369,0.8765432098765432
0.7190669371196755,0.8763906056860321
0.718052738336714,0.8762376237623762
0.7170385395537525,0.8760842627013631
0.716024340770791,0.8759305210918115
0.7150101419878296,0.8757763975155279
0.7150101419878296,0.8768656716417911
0.7139959432048681,0.8767123287671232
0.7129817444219066,0.8765586034912718
0.7119675456389453,0.8764044943820225
0.7109533468559838,0.87625
0.7099391480730223,0.8760951188986232
0.7089249492900609,0.8759398496240601
0.7079107505070994,0.875784190715182
0.7079107505070994,0.8768844221105527
0.7068965517241379,0.8767295597484277
0.7058823529411765,0.8765743073047859
0.704868154158215,0.8764186633039092
0.7038539553752535,0.8762626262626263
0.7038539553752535,0.877370417193426
0.7028397565922921,0.8772151898734177
0.7028397565922921,0.8783269961977186
0.7018255578093306,0.8781725888324873
0.7008113590263692,0.8780177890724269
0.7008113590263692,0.8791348600508906
0.6997971602434077,0.8789808917197452
0.6987829614604463,0.8788265306122449
0.6987829614604463,0.879948914431673
0.6977687626774848,0.8797953964194374
0.6967545638945233,0.8796414852752881
0.6967545638945233,0.8807692307692307
0.6957403651115619,0.8806161745827985
0.6947261663286004,0.8804627249357326
0.6937119675456389,0.8803088803088803
0.6937119675456389,0.8814432989690721
0.6937119675456389,0.8825806451612903
0.6926977687626775,0.8824289405684754
0.6926977687626775,0.8835705045278137
0.691683569979716,0.883419689119171
0.6906693711967545,0.8832684824902723
0.6896551724137931,0.8831168831168831
0.6886409736308317,0.88296488946684
0.6876267748478702,0.8828125
0.6866125760649088,0.8826597131681877
0.6866125760649088,0.8838120104438643
0.6866125760649088,0.8849673202614379
0.6855983772819473,0.8848167539267016
0.6845841784989858,0.8846657929226737
0.6835699797160243,0.884514435695538
0.6825557809330629,0.8843626806833115
0.6815415821501014,0.8842105263157894
0.6805273833671399,0.8840579710144928
0.6795131845841785,0.8839050131926122
0.678498985801217,0.8837516512549538
0.6774847870182555,0.8835978835978836
0.6774847870182555,0.8847682119205298
0.6774847870182555,0.8859416445623343
0.6764705882352942,0.8857901726427623
0.6754563894523327,0.8856382978723404
0.6744421906693712,0.8854860186418109
0.6744421906693712,0.8866666666666667
0.6744421906693712,0.8878504672897196
0.6734279918864098,0.8877005347593583
0.6724137931034483,0.8875502008032129
0.6713995943204868,0.8873994638069705
0.6703853955375254,0.887248322147651
0.6693711967545639,0.8870967741935484
0.6693711967545639,0.8882907133243607
0.6683569979716024,0.8881401617250674
0.6673427991886409,0.8879892037786775
0.6663286004056795,0.8878378378378379
0.6663286004056795,0.8890392422192152
0.665314401622718,0.8888888888888888
0.6643002028397565,0.8887381275440976
0.6632860040567952,0.8885869565217391
0.6622718052738337,0.8884353741496599
0.6612576064908722,0.888283378746594
0.6602434077079108,0.888130968622101
0.6592292089249493,0.8879781420765027
0.6582150101419878,0.8878248974008208
0.6572008113590264,0.8876712328767123
0.6561866125760649,0.887517146776406
0.6551724137931034,0.8873626373626373
0.654158215010142,0.8872077028885832
0.6531440162271805,0.8870523415977961
0.6531440162271805,0.8882758620689655
0.652129817444219,0.888121546961326
0.652129817444219,0.8893499308437067
0.652129817444219,0.8905817174515236
0.652129817444219,0.8918169209431346
0.652129817444219,0.8930555555555556
0.6511156186612576,0.8929068150208623
0.6511156186612576,0.8941504178272981
0.6501014198782962,0.8940027894002789
0.6490872210953347,0.8938547486033519
0.6480730223123732,0.8937062937062937
0.6480730223123732,0.8949579831932774
0.6480730223123732,0.8962131837307152
0.6470588235294118,0.8960674157303371
0.6470588235294118,0.8973277074542897
0.6460446247464503,0.8971830985915493
0.6450304259634888,0.8970380818053597
0.6440162271805274,0.8968926553672316
0.6430020283975659,0.8967468175388967
0.6419878296146044,0.896600566572238
0.640973630831643,0.8964539007092198
0.6399594320486816,0.8963068181818182
0.6389452332657201,0.8961593172119487
0.6379310344827587,0.896011396011396
0.6369168356997972,0.8958630527817404
0.6359026369168357,0.8957142857142857
0.6348884381338742,0.8955650929899857
0.6338742393509128,0.8954154727793696
0.6328600405679513,0.8952654232424677
0.6318458417849898,0.8951149425287356
0.6308316430020284,0.8949640287769784
0.6298174442190669,0.8948126801152738
0.6298174442190669,0.8961038961038961
0.6288032454361054,0.8959537572254336
0.6277890466531441,0.8958031837916064
0.6267748478701826,0.8956521739130435
0.6257606490872211,0.895500725689405
0.6247464503042597,0.8953488372093024
0.6237322515212982,0.8951965065502183
0.6227180527383367,0.8950437317784257
0.6217038539553753,0.8948905109489051
0.6206896551724138,0.8947368421052632
0.6196754563894523,0.8945827232796486
0.6196754563894523,0.8958944281524927
0.6186612576064908,0.895741556534508
0.6176470588235294,0.8955882352941177
0.6166328600405679,0.8954344624447718
0.6166328600405679,0.8967551622418879
0.6156186612576064,0.896602658788774
0.6146044624746451,0.8964497041420119
0.6146044624746451,0.8977777777777778
0.6135902636916836,0.8976261127596439
0.6125760649087221,0.8974739970282318
0.6115618661257607,0.8973214285714286
0.6105476673427992,0.8971684053651267
0.6095334685598377,0.8970149253731343
0.6085192697768763,0.8968609865470852
0.6075050709939148,0.8967065868263473
0.6064908722109533,0.896551724137931
0.6054766734279919,0.8963963963963963
0.6044624746450304,0.8962406015037594
0.6044624746450304,0.8975903614457831
0.603448275862069,0.8974358974358975
0.6024340770791075,0.8972809667673716
0.6014198782961461,0.897125567322239
0.6004056795131846,0.896969696969697
0.5993914807302231,0.8968133535660091
0.5983772819472617,0.8966565349544073
0.5983772819472617,0.898021308980213
0.5973630831643002,0.8978658536585366
0.5973630831643002,0.899236641221374
0.5963488843813387,0.8990825688073395
0.5953346855983773,0.8989280245022971
0.5943204868154158,0.8987730061349694
0.5933062880324543,0.8986175115207373
0.5933062880324543,0.9
0.592292089249493,0.8998459167950693
0.5912778904665315,0.8996913580246914
0.59026369168357,0.8995363214837713
0.5892494929006086,0.8993808049535603
0.5882352941176471,0.8992248062015504
0.5872210953346856,0.8990683229813664
0.5862068965517241,0.8989113530326595
0.5851926977687627,0.8987538940809969
0.5841784989858012,0.8985959438377535
0.5831643002028397,0.8984375
0.5821501014198783,0.8982785602503912
0.5811359026369168,0.8981191222570533
0.5801217038539553,0.8979591836734694
0.5801217038539553,0.89937106918239
0.5801217038539553,0.9007874015748032
0.5801217038539553,0.9022082018927445
0.5801217038539553,0.9036334913112164
0.579107505070994,0.9034810126582279
0.5780933062880325,0.9033280507131537
0.577079107505071,0.9031746031746032
0.5760649087221096,0.9030206677265501
0.5750507099391481,0.9028662420382165
0.5740365111561866,0.9027113237639554
0.5730223123732252,0.902555910543131
0.5720081135902637,0.9024
0.5709939148073022,0.9022435897435898
0.5699797160243407,0.9020866773675762
0.5689655172413793,0.9019292604501608
0.5679513184584178,0.9017713365539453
0.5669371196754563,0.9016129032258065
0.565922920892495,0.901453957996769
0.5649087221095335,0.901294498381877
0.563894523326572,0.9011345218800648
0.5628803245436106,0.900974025974026
0.5618661257606491,0.9008130081300812
0.5618661257606491,0.9022801302931596
0.5618661257606491,0.9037520391517129
0.5608519269776876,0.9035947712418301
0.5598377281947262,0.9034369885433715
0.5588235294117647,0.9032786885245901
0.5588235294117647,0.9047619047619048
0.5578093306288032,0.9046052631578947
0.5567951318458418,0.9044481054365733
0.5557809330628803,0.9042904290429042
0.5557809330628803,0.9057851239669421
0.5547667342799188,0.9056291390728477
0.5537525354969574,0.9054726368159204
0.552738336713996,0.9053156146179402
0.5517241379310345,0.9051580698835274
0.550709939148073,0.905
0.5496957403651116,0.9048414023372288
0.5496957403651116,0.9063545150501672
0.5486815415821501,0.9061976549413735
0.5486815415821501,0.9077181208053692
0.5476673427991886,0.907563025210084
0.5476673427991886,0.9090909090909091
0.5466531440162272,0.9089376053962901
0.5456389452332657,0.9087837837837838
0.5446247464503042,0.9086294416243654
0.5436105476673428,0.9084745762711864
0.5436105476673428,0.9100169779286927
0.5425963488843814,0.9098639455782312
0.5415821501014199,0.909710391822828
0.5405679513184585,0.909556313993174
0.539553752535497,0.9094017094017094
0.5385395537525355,0.9092465753424658
0.537525354969574,0.9090909090909091
0.5365111561866126,0.9089347079037801
0.5365111561866126,0.9104991394148021
0.5354969574036511,0.9103448275862069
0.5344827586206896,0.9101899827288429
0.5334685598377282,0.9100346020761245
0.5324543610547667,0.9098786828422877
0.5314401622718052,0.9097222222222222
0.5304259634888439,0.9095652173913044
0.5294117647058824,0.9094076655052264
0.5283975659229209,0.9092495636998255
0.5273833671399595,0.9090909090909091
0.526369168356998,0.9089316987740805
0.5253549695740365,0.9087719298245615
0.5253549695740365,0.9103690685413005
0.5253549695740365,0.9119718309859155
0.5243407707910751,0.9118165784832452
0.5243407707910751,0.9134275618374559
0.5233265720081136,0.9132743362831859
0.5233265720081136,0.9148936170212766
0.5233265720081136,0.91651865008881
0.5223123732251521,0.9163701067615658
0.5212981744421906,0.9162210338680927
0.5202839756592292,0.9160714285714285
0.5202839756592292,0.9177101967799642
0.5192697768762677,0.9175627240143369
0.5182555780933062,0.9174147217235189
0.5172413793103449,0.9172661870503597
0.5162271805273834,0.9171171171171171
0.5152129817444219,0.9169675090252708
0.5141987829614605,0.9168173598553345
0.513184584178499,0.9166666666666666
0.5121703853955375,0.9165154264972777
0.5111561866125761,0.9163636363636364
0.5101419878296146,0.9162112932604736
0.5091277890466531,0.916058394160584
0.5081135902636917,0.9159049360146252
0.5070993914807302,0.9157509157509157
0.5060851926977687,0.9155963302752294
0.5050709939148073,0.9154411764705882
0.5040567951318459,0.9152854511970534
0.5030425963488844,0.915129151291513
0.5020283975659229,0.9149722735674677
0.5010141987829615,0.9148148148148149
0.5,0.9146567717996289
0.5,0.9163568773234201
0.49898580121703856,0.9162011173184358
0.49797160243407707,0.9160447761194029
0.49797160243407707,0.9177570093457944
0.4969574036511156,0.9176029962546817
0.4969574036511156,0.9193245778611632
0.49594320486815413,0.9191729323308271
0.4949290060851927,0.9190207156308852
0.4949290060851927,0.9207547169811321
0.4949290060851927,0.9224952741020794
0.49391480730223125,0.9223484848484849
0.49290060851926976,0.9222011385199241
0.4918864097363083,0.9220532319391636
0.4908722109533469,0.9219047619047619
0.4898580121703854,0.9217557251908397
0.48884381338742394,0.9216061185468452
0.48782961460446245,0.921455938697318
0.486815415821501,0.9213051823416507
0.48580121703853957,0.9211538461538461
0.4847870182555781,0.9210019267822736
0.48377281947261663,0.9208494208494209
0.48377281947261663,0.9226305609284333
0.48377281947261663,0.9244186046511628
0.4827586206896552,0.9242718446601942
0.4817444219066937,0.9241245136186771
0.48073022312373226,0.9239766081871345
0.47971602434077076,0.923828125
0.4787018255578093,0.923679060665362
0.4776876267748479,0.9235294117647059
0.4766734279918864,0.9233791748526523
0.47565922920892495,0.9232283464566929
0.4746450304259635,0.9230769230769231
0.473630831643002,0.9229249011857708
0.4726166328600406,0.9227722772277228
0.4716024340770791,0.9226190476190477
0.47058823529411764,0.9224652087475149
0.4695740365111562,0.9223107569721115
0.4685598377281947,0.9221556886227545
0.46754563894523327,0.922
0.4665314401622718,0.9218436873747495
0.4665314401622718,0.9236947791164659
0.46551724137931033,0.9235412474849095
0.4645030425963489,0.9233870967741935
0.4645030425963489,0.9252525252525252
0.4634888438133874,0.9251012145748988
0.46247464503042596,0.9249492900608519
0.4614604462474645,0.9247967479674797
0.460446247464503,0.924643584521385
0.4594320486815416,0.9244897959183673
0.45841784989858014,0.9243353783231084
0.45740365111561865,0.9241803278688525
0.4563894523326572,0.9240246406570842
0.4553752535496957,0.9238683127572016
0.4553752535496957,0.9257731958762887
0.4543610547667343,0.9256198347107438
0.45334685598377283,0.9254658385093167
0.45233265720081134,0.9253112033195021
0.45233265720081134,0.9272349272349273
0.4513184584178499,0.9270833333333334
0.4513184584178499,0.9290187891440501
0.4513184584178499,0.9309623430962343
0.45030425963488846,0.9308176100628931
0.45030425963488846,0.9327731092436975
0.44929006085192696,0.9326315789473684
0.4482758620689655,0.9324894514767933
0.44726166328600403,0.9323467230443975
0.4462474645030426,0.9322033898305084
0.44523326572008115,0.9320594479830149
0.44421906693711966,0.9319148936170213
0.4432048681541582,0.9317697228144989
0.4421906693711968,0.9316239316239316
0.4411764705882353,0.9314775160599572
0.4411764705882353,0.9334763948497854
0.44016227180527384,0.9333333333333333
0.43914807302231235,0.9331896551724138
0.4381338742393509,0.9330453563714903
0.43711967545638947,0.9329004329004329
0.43610547667342797,0.9327548806941431
0.43610547667342797,0.9347826086956522
0.43509127789046653,0.934640522875817
0.4340770791075051,0.9344978165938864
0.4330628803245436,0.9343544857768052
0.4330628803245436,0.9364035087719298
0.43204868154158216,0.9362637362637363
0.43103448275862066,0.9361233480176211
0.4300202839756592,0.9359823399558499
0.4290060851926978,0.9358407079646017
0.4279918864097363,0.9356984478935698
0.42697768762677485,0.9355555555555556
0.4259634888438134,0.9354120267260579
0.4249492900608519,0.9352678571428571
0.4239350912778905,0.9351230425055929
0.422920892494929,0.9349775784753364
0.42190669371196754,0.9348314606741573
0.4208924949290061,0.9346846846846847
0.4198782961460446,0.9345372460496614
0.41886409736308317,0.9343891402714932
0.4178498985801217,0.9342403628117913
0.41683569979716023,0.9340909090909091
0.41683569979716023,0.9362186788154897
0.4158215010141988,0.9360730593607306
0.4148073022312373,0.9359267734553776
0.41379310344827586,0.9357798165137615
0.4127789046653144,0.9356321839080459
0.4117647058823529,0.9354838709677419
0.4107505070993915,0.9353348729792148
0.40973630831643004,0.9351851851851852
0.40872210953346855,0.9350348027842227
0.4077079107505071,0.9348837209302325
0.4066937119675456,0.9347319347319347
0.4056795131845842,0.9345794392523364
0.40466531440162273,0.9344262295081968
0.40365111561866124,0.9342723004694836
0.40365111561866124,0.9364705882352942
0.4026369168356998,0.9363207547169812
0.40162271805273836,0.9361702127659575
0.40060851926977686,0.9360189573459715
0.3995943204868154,0.9358669833729216
0.39858012170385393,0.9357142857142857
0.3975659229208925,0.9355608591885441
0.39655172413793105,0.9354066985645934
0.39553752535496955,0.935251798561151
0.3945233265720081,0.9350961538461539
0.3935091277890467,0.9349397590361446
0.3924949290060852,0.9347826086956522
0.39148073022312374,0.9346246973365617
0.39148073022312374,0.9368932038834952
0.39046653144016225,0.9367396593673966
0.3894523326572008,0.9365853658536586
0.38843813387423937,0.9364303178484108
0.38742393509127787,0.9362745098039216
0.38640973630831643,0.9361179361179361
0.385395537525355,0.9359605911330049
0.3843813387423935,0.9358024691358025
0.38336713995943206,0.9356435643564357
0.38235294117647056,0.9354838709677419
0.3813387423935091,0.9353233830845771
0.3803245436105477,0.9351620947630923
0.3793103448275862,0.935
0.37829614604462475,0.9348370927318296
0.3772819472616633,0.9346733668341709
0.3762677484787018,0.9345088161209067
0.3752535496957404,0.9343434343434344
0.3742393509127789,0.9341772151898734
0.37322515212981744,0.934010152284264
0.372210953346856,0.9338422391857506
0.3711967545638945,0.9336734693877551
0.37018255578093306,0.9335038363171355
0.37018255578093306,0.9358974358974359
0.3691683569979716,0.9357326478149101
0.3691683569979716,0.9381443298969072
0.3691683569979716,0.9405684754521964
0.36815415821501013,0.9404145077720207
0.3671399594320487,0.9402597402597402
0.3661257606490872,0.9401041666666666
0.36511156186612576,0.9399477806788512
0.3640973630831643,0.9397905759162304
0.3630831643002028,0.9396325459317585
0.3620689655172414,0.9394736842105263
0.3620689655172414,0.941952506596306
0.36105476673427994,0.9417989417989417
0.36004056795131845,0.9416445623342176
0.359026369168357,0.9414893617021277
0.3580121703853955,0.9413333333333334
0.35699797160243407,0.9411764705882353
0.35598377281947263,0.9410187667560321
0.35496957403651114,0.9408602150537635
0.3539553752535497,0.9407008086253369
0.35294117647058826,0.9405405405405406
0.35192697768762676,0.940379403794038
0.3509127789046653,0.9402173913043478
0.3509127789046653,0.9427792915531336
0.34989858012170383,0.9426229508196722
0.34989858012170383,0.9452054794520548
0.3488843813387424,0.945054945054945
0.34787018255578095,0.9449035812672176
0.34787018255578095,0.9475138121546961
0.34685598377281945,0.9473684210526315
0.345841784989858,0.9472222222222222
0.3448275862068966,0.947075208913649
0.3438133874239351,0.946927374301676
0.34279918864097364,0.9467787114845938
0.34178498985801214,0.9466292134831461
0.3407707910750507,0.9464788732394366
0.33975659229208927,0.9463276836158192
0.33874239350912777,0.9461756373937678
0.33772819472616633,0.9460227272727273
0.3367139959432049,0.9458689458689459
0.3356997971602434,0.9457142857142857
0.33468559837728196,0.9455587392550143
0.33367139959432046,0.9454022988505747
0.332657200811359,0.9452449567723343
0.3316430020283976,0.9450867052023122
0.3306288032454361,0.9449275362318841
0.32961460446247465,0.9447674418604651
0.3286004056795132,0.9446064139941691
0.3275862068965517,0.9444444444444444
0.3275862068965517,0.9472140762463344
0.3265720081135903,0.9470588235294117
0.3255578093306288,0.9469026548672567
0.32454361054766734,0.9467455621301775
0.32454361054766734,0.9495548961424333
0.3235294117647059,0.9494047619047619
0.3225152129817444,0.9492537313432836
0.32150101419878296,0.9491017964071856
0.3204868154158215,0.948948948948949
0.31947261663286003,0.9487951807228916
0.3184584178498986,0.9486404833836858
0.3174442190669371,0.9484848484848485
0.31643002028397565,0.9483282674772037
0.3154158215010142,0.948170731707317
0.3144016227180527,0.9480122324159022
0.3133874239350913,0.9478527607361963
0.31237322515212984,0.9476923076923077
0.31135902636916835,0.9475308641975309
0.3103448275862069,0.9473684210526315
0.3093306288032454,0.9472049689440993
0.30831643002028397,0.9470404984423676
0.30730223123732253,0.946875
0.30628803245436104,0.9467084639498433
0.3052738336713996,0.9465408805031447
0.30425963488843816,0.9463722397476341
0.30324543610547666,0.9462025316455697
0.3022312373225152,0.946031746031746
0.3012170385395537,0.945859872611465
0.3002028397565923,0.9456869009584664
0.29918864097363085,0.9455128205128205
0.29817444219066935,0.9453376205787781
0.2971602434077079,0.9451612903225807
0.2961460446247465,0.9449838187702265
0.295131845841785,0.9448051948051948
0.29411764705882354,0.9446254071661238
0.29310344827586204,0.9444444444444444
0.2920892494929006,0.9442622950819672
0.29107505070993916,0.944078947368421
0.29006085192697767,0.9438943894389439
0.28904665314401623,0.9437086092715232
0.28904665314401623,0.946843853820598
0.2880324543610548,0.9466666666666667
0.2870182555780933,0.9464882943143813
0.28600405679513186,0.9463087248322147
0.28498985801217036,0.9461279461279462
0.2839756592292089,0.9459459459459459
0.2829614604462475,0.9457627118644067
0.281947261663286,0.9455782312925171
0.28093306288032455,0.9453924914675768
0.2799188640973631,0.9452054794520548
0.2789046653144016,0.9450171821305842
0.2778904665314402,0.9448275862068966
0.2768762677484787,0.9446366782006921
0.27586206896551724,0.9444444444444444
0.2748478701825558,0.9442508710801394
0.2738336713995943,0.9440559440559441
0.27281947261663286,0.9438596491228071
0.2718052738336714,0.9436619718309859
0.27079107505070993,0.9434628975265018
0.2697768762677485,0.9432624113475178
0.268762677484787,0.9430604982206405
0.26774847870182555,0.9428571428571428
0.2667342799188641,0.942652329749104
0.2657200811359026,0.9424460431654677
0.2647058823529412,0.9422382671480144
0.26369168356997974,0.9420289855072463
0.26267748478701824,0.9418181818181818
0.2616632860040568,0.9416058394160584
0.2606490872210953,0.9413919413919414
0.25963488843813387,0.9411764705882353
0.25862068965517243,0.940959409594096
0.25760649087221094,0.9407407407407408
0.2565922920892495,0.9405204460966543
0.25557809330628806,0.9402985074626866
0.25456389452332656,0.9400749063670412
0.2535496957403651,0.9398496240601504
0.2525354969574036,0.939622641509434
0.2525354969574036,0.9431818181818182
0.2515212981744422,0.9429657794676806
0.25050709939148075,0.9427480916030534
0.24949290060851928,0.9425287356321839
0.2484787018255578,0.9423076923076923
0.24746450304259635,0.9420849420849421
0.24645030425963488,0.9418604651162791
0.24543610547667344,0.9416342412451362
0.24442190669371197,0.94140625
0.2434077079107505,0.9411764705882353
0.24239350912778904,0.9409448818897638
0.2413793103448276,0.9407114624505929
0.24036511156186613,0.9404761904761905
0.23935091277890466,0.9402390438247012
0.2383367139959432,0.94
0.23732251521298176,0.9397590361445783
0.2363083164300203,0.9395161290322581
0.23529411764705882,0.9392712550607287
0.23427991886409735,0.9390243902439024
0.2332657200811359,0.9387755102040817
0.23225152129817445,0.9385245901639344
0.23123732251521298,0.9382716049382716
0.2302231237322515,0.9380165289256198
0.22920892494929007,0.9377593360995851
0.2281947261663286,0.9375
0.22718052738336714,0.9372384937238494
0.22616632860040567,0.9369747899159664
0.22515212981744423,0.9367088607594937
0.22413793103448276,0.9364406779661016
0.2231237322515213,0.9361702127659575
0.22210953346855983,0.9358974358974359
0.2210953346855984,0.9356223175965666
0.22008113590263692,0.9353448275862069
0.21906693711967545,0.935064935064935
0.21805273833671399,0.9347826086956522
0.21703853955375255,0.9344978165938864
0.21602434077079108,0.9342105263157895
0.21602434077079108,0.9383259911894273
0.2150101419878296,0.9380530973451328
0.21399594320486814,0.9377777777777778
0.2129817444219067,0.9375
0.21196754563894524,0.9372197309417041
0.21095334685598377,0.9369369369369369
0.2099391480730223,0.9366515837104072
0.20892494929006086,0.9363636363636364
0.2079107505070994,0.9360730593607306
0.20689655172413793,0.9357798165137615
0.20588235294117646,0.9354838709677419
0.20588235294117646,0.9398148148148148
0.20486815415821502,0.9395348837209302
0.20385395537525355,0.9392523364485982
0.2028397565922921,0.9389671361502347
0.20182555780933062,0.9386792452830188
0.20081135902636918,0.9383886255924171
0.1997971602434077,0.9380952380952381
0.19878296146044624,0.937799043062201
0.19776876267748478,0.9375
0.19675456389452334,0.9371980676328503
0.19574036511156187,0.9368932038834952
0.1947261663286004,0.9365853658536586
0.1947261663286004,0.9411764705882353
0.19371196754563894,0.9408866995073891
0.1926977687626775,0.9405940594059405
0.19168356997971603,0.9402985074626866
0.19066937119675456,0.94
0.1896551724137931,0.9396984924623115
0.1896551724137931,0.9444444444444444
0.18864097363083165,0.9441624365482234
0.1876267748478702,0.9438775510204082
0.18661257606490872,0.9435897435897436
0.18559837728194725,0.9432989690721649
0.1845841784989858,0.9430051813471503
0.18356997971602435,0.9427083333333334
0.18255578093306288,0.9424083769633508
0.1815415821501014,0.9421052631578948
0.18052738336713997,0.9417989417989417
0.1795131845841785,0.9414893617021277
0.17849898580121704,0.9411764705882353
0.17748478701825557,0.9408602150537635
0.17748478701825557,0.9459459459459459
0.17647058823529413,0.9456521739130435
0.17545638945233266,0.9453551912568307
0.1744421906693712,0.945054945054945
0.17342799188640973,0.9447513812154696
0.1724137931034483,0.9444444444444444
0.1724137931034483,0.9497206703910615
0.17139959432048682,0.949438202247191
0.17038539553752535,0.9491525423728814
0.16937119675456389,0.9488636363636364
0.16835699797160245,0.9485714285714286
0.16734279918864098,0.9482758620689655
0.1663286004056795,0.9479768786127167
0.1663286004056795,0.9534883720930233
0.16531440162271804,0.9532163742690059
0.1643002028397566,0.9529411764705882
0.16328600405679514,0.9526627218934911
0.16227180527383367,0.9523809523809523
0.1612576064908722,0.9520958083832335
0.16024340770791076,0.9518072289156626
0.1592292089249493,0.9515151515151515
0.15821501014198783,0.9512195121951219
0.15720081135902636,0.950920245398773
0.15618661257606492,0.9506172839506173
0.15517241379310345,0.9503105590062112
0.15517241379310345,0.95625
0.15415821501014199,0.9559748427672956
0.15314401622718052,0.9556962025316456
0.15212981744421908,0.9554140127388535
0.1511156186612576,0.9551282051282052
0.15010141987829614,0.9548387096774194
0.14908722109533468,0.9545454545454546
0.14807302231237324,0.954248366013072
0.14705882352941177,0.9539473684210527
0.1460446247464503,0.9536423841059603
0.14503042596348883,0.9533333333333334
0.1440162271805274,0.9530201342281879
0.14300202839756593,0.9527027027027027
0.14198782961460446,0.9523809523809523
0.140973630831643,0.952054794520548
0.13995943204868155,0.9517241379310345
0.1389452332657201,0.9513888888888888
0.13793103448275862,0.951048951048951
0.13691683569979715,0.9507042253521126
0.13691683569979715,0.9574468085106383
0.1359026369168357,0.9571428571428572
0.1359026369168357,0.9640287769784173
0.13488843813387424,0.9637681159420289
0.13387423935091278,0.9635036496350365
0.13387423935091278,0.9705882352941176
0.1328600405679513,0.9703703703703703
0.13184584178498987,0.9701492537313433
0.1308316430020284,0.9699248120300752
0.12981744421906694,0.9696969696969697
0.12981744421906694,0.9770992366412213
0.12880324543610547,0.9769230769230769
0.12778904665314403,0.9767441860465116
0.12677484787018256,0.9765625
0.1257606490872211,0.9763779527559056
0.12474645030425964,0.9761904761904762
0.12474645030425964,0.984
0.12373225152129817,0.9838709677419355
0.12271805273833672,0.983739837398374
0.12170385395537525,0.9836065573770492
0.1206896551724138,0.9834710743801653
0.11967545638945233,0.9833333333333333
0.11866125760649088,0.9831932773109243
0.11764705882352941,0.9830508474576272
0.11663286004056796,0.9829059829059829
0.11561866125760649,0.9827586206896551
0.11460446247464504,0.9826086956521739
0.11359026369168357,0.9824561403508771
0.11257606490872211,0.9823008849557522
0.11156186612576065,0.9821428571428571
0.1105476673427992,0.9819819819819819
0.10953346855983773,0.9818181818181818
0.10851926977687627,0.981651376146789
0.1075050709939148,0.9814814814814815
0.10649087221095335,0.9813084112149533
0.10547667342799188,0.9811320754716981
0.10446247464503043,0.9809523809523809
0.10344827586206896,0.9807692307692307
0.10243407707910751,0.9805825242718447
0.10141987829614604,0.9803921568627451
0.10040567951318459,0.9801980198019802
0.09939148073022312,0.98
0.09837728194726167,0.9797979797979798
0.0973630831643002,0.9795918367346939
0.09634888438133875,0.979381443298969
0.09533468559837728,0.9791666666666666
0.09432048681541583,0.9789473684210527
0.09330628803245436,0.9787234042553191
0.0922920892494929,0.978494623655914
0.09127789046653144,0.9782608695652174
0.09026369168356999,0.978021978021978
0.08924949290060852,0.9777777777777777
0.08823529411764706,0.9775280898876404
0.0872210953346856,0.9772727272727273
0.08620689655172414,0.9770114942528736
0.08519269776876268,0.9767441860465116
0.08417849898580122,0.9764705882352941
0.08316430020283976,0.9761904761904762
0.0821501014198783,0.9759036144578314
0.08113590263691683,0.975609756097561
0.08012170385395538,0.9753086419753086
0.07910750507099391,0.975
0.07809330628803246,0.9746835443037974
0.07707910750507099,0.9743589743589743
0.07606490872210954,0.974025974025974
0.07505070993914807,0.9736842105263158
0.07403651115618662,0.9733333333333334
0.07302231237322515,0.972972972972973
0.0720081135902637,0.9726027397260274
0.0720081135902637,0.9861111111111112
0.07099391480730223,0.9859154929577465
0.06997971602434078,0.9857142857142858
0.06896551724137931,0.9855072463768116
0.06795131845841786,0.9852941176470589
0.06693711967545639,0.9850746268656716
0.06693711967545639,1.0
0.06592292089249494,1.0
0.06490872210953347,1.0
0.06389452332657201,1.0
0.06288032454361055,1.0
0.061866125760649086,1.0
0.060851926977687626,1.0
0.059837728194726165,1.0
0.058823529411764705,1.0
0.057809330628803245,1.0
0.056795131845841784,1.0
0.055780933062880324,1.0
0.05476673427991886,1.0
0.0537525354969574,1.0
0.05273833671399594,1.0
0.05172413793103448,1.0
0.05070993914807302,1.0
0.04969574036511156,1.0
0.0486815415821501,1.0
0.04766734279918864,1.0
0.04665314401622718,1.0
0.04563894523326572,1.0
0.04462474645030426,1.0
0.0436105476673428,1.0
0.04259634888438134,1.0
0.04158215010141988,1.0
0.04056795131845842,1.0
0.03955375253549696,1.0
0.038539553752535496,1.0
0.037525354969574036,1.0
0.036511156186612576,1.0
0.035496957403651115,1.0
0.034482758620689655,1.0
0.033468559837728194,1.0
0.032454361054766734,1.0
0.03144016227180527,1.0
0.030425963488843813,1.0
0.029411764705882353,1.0
0.028397565922920892,1.0
0.02738336713995943,1.0
0.02636916835699797,1.0
0.02535496957403651,1.0
0.02434077079107505,1.0
0.02332657200811359,1.0
0.02231237322515213,1.0
0.02129817444219067,1.0
0.02028397565922921,1.0
0.019269776876267748,1.0
0.018255578093306288,1.0
0.017241379310344827,1.0
0.016227180527383367,1.0
0.015212981744421906,1.0
0.014198782961460446,1.0
0.013184584178498986,1.0
0.012170385395537525,1.0
0.011156186612576065,1.0
0.010141987829614604,1.0
0.009127789046653144,1.0
0.008113590263691683,1.0
0.007099391480730223,1.0
0.006085192697768763,1.0
0.005070993914807302,1.0
0.004056795131845842,1.0
0.002028397565922921,1.0
0.0010141987829614604,1.0
0.0,1.0
